,Comentario Corregido,Sentimiento
9,es un excelente centro médico de atención lamentablemente por  crisis autoimpuesta no dispone de suficientes especialistas para atender a más usuarios y de mejor manera adicional de que    resto de hospitales,positivo
52,buen servicio y excelente atención médica y atención al paciente,positivo
131,hospital nuevo tiene más o menos un año equipos nuevos atención rápida y amable podría decir que es de  mejores hospitales del iess en quito y con muchas especialidades,positivo
135, instalaciones siguen en buenas condiciones es amplio y cuidan  limpieza  estacionamientos son amplios tiene un paso peatonal con ascensor desde  parqueaderos  atención del personal es intermitente hay personal amable y otros que no les importa  tiempo de  visitantes,positivo
142,excelente hospital con un amplio parqueadero queda al frente de  parada calzado del trole tiene acceso para personas con sillas de ruedas  atencion es muy buena,positivo
143,hospital limpiomuy bien equipado en  distintas áreas  mayoría del personal es amable cuenta con parqueadero ubicado al frente cruzando  puente peatonal en definitiva impuestos bien invertidos,positivo
158,es un hospital con infraestructura impresionante que dejó establecida rafael correa  amabilidad de  doctores enfermeras y de servicios es excelente una lástima que  personal de aseo y limpieza estén impagos 3 mesesojalá alguien lo solucione,positivo
160, hospital en si tiene deficiencias pero si cuenta con médicos excelentes agendar cita es terrible porque  turnos te dan cuando y no tienes dolencia pero vale  pena  profesionales que tiene,positivo
162,hoy visité  hospital iess excelente atención con profesionales de gran nivel muy satisfecho con  servicio afíliate y contribuye al crecimiento de  seguridad social en  ecuador,positivo
172,primeramente buens dt n en  area de traumatologuia un medico no dire  nombre me iva a operar y no conocio  riesgo luego me entero q si me operaba me dejaba sin movilidad y otro más bueno me mando terapia ni eso me mandon son,positivo
184,excelente servicio todo  personal da una buena atención principalmente  médicos,positivo
190,excelente hospital buen servicio personal capacitado,positivo
195,atención pediátrica en emergencia excelente muy amables y eficientes  doctores en general  personal,positivo
202,un enorme hospital excelente infraestructura pero aún tiene que mejorar  atención al público,positivo
203,amplias instalaciones aseado  atención del personal es buena son amables cuenta con múltiples estacionamientos,positivo
206,uno de  hospitales más modernos de  seguridad social excelente personal e infraestructura,positivo
211,gran infraestructura excelentes instrumentos falta aún mejorar  atención por ser nuevo,positivo
222,excelente atención equipos modernos  papeleo hay que mejorarlo,positivo
260,muy buena atención en  área de hospitalización de pediatría tanto  enfermeras fueron muy amables cálidos y empáticos  atención incluyó exámenes medicamentos y alimentación para  niño y su acompañante incluso citas,positivo
277," atención es paupérrima
desde triaje hasta  doctores de emergencia
se ponen bravos por decirles que atiendan más rápido se  pasan en  redes",positivo
312,son  mejores profesionales especialmente en emergencias actúan rápido  se debe fui bendecida al haber llegado allá cuando lo necesite  allí me salvaron  vida,positivo
314,buenos días nuevamente cambio  anterior ya que fui atendida telefónicamente entendiendo que tienen un número excesivo de llamadas y lógicamente es  también me fue posible arreglar cambio cita médica por lo que agradezco enormemente y felicito su pronta atención,positivo
317," doctoresdoctoraslicenciadasalgunas enfermeras y  amables
pero  señores guardias totalmente cerrados y no entienden razones ni se toman",positivo
325,"excelente atención  médicos muy profesionales y sobre todomuy humamos 
mucho aseola sugerencia que tengo es una cafeteríael espacio está allíademas muy linda vistapero no hay servicio",positivo
326,emergencia del hospital atención rápida y amable  escualidades se demoran un poco en atender pero solucionan  problemas de manera eficiente,positivo
334,está bastante bien provisto para sus especialidades brinda una buena atención  empleados son amables y  lugar está bien mantenido en ambiente y limpieza,positivo
348,excelente hospital tiene una buena atención y un control estricto del covid,positivo
411,"muy buenas instalaciones muy buenos equipos  excelente atención al fin algo digno para  afiliados
 centro médico familiar integral y especialidades diálisis  mariscal no le",positivo
418,buenos días estoy necesitando cambiar citas medicas de mis hijos con especialistas y en  call center 140 no lo pueden hacer me dan un número telefónico del hospital que solo envía a extenciones que nunca  puedo hacer para,positivo
430,en este centro médico solo hay consultas médicas con muy buenos especialistas  atención es muy buena,positivo
431,este es sin duda  mejor hospital del iess excelente en todo,positivo
467,me realice una cirugía desde  cita previas excelente atención puntualidad aseo y personal muy prefesional,positivo
477,es un hospital del día q presta atención 247 y cubre carias especialodades ademas cuenta con área de emergencias quirófano fisiatria consulta externa imagenología y rx atencion y club del adulto mayor y crónicos metábolicos y todos unos excelentes profesionales al servicio de  afiliados,positivo
487,me he operado aqui y me trataron muy bienmuy amables todos y muy profesionales sin duda una buena experiencia,positivo
498,excelente atención de  señoritas de información gran agilidad y eficacia,positivo
503, experiencia en  área de fisioterapia es excelente,positivo
506,bueno  atencion no es todo de lo mejor pero algo es algo,positivo
540,excelente y oportuna atención llegue antes de  hora indicada y me atendieron inmediatamente  dra lina guamaní endocrinóloga muy profesional y atenta felicidades de  pocos hospitales del iess donde tratan bien al paciente,positivo
561, centro de  del pueblo se muestra una muy cómoda infraestructura no tengo automóvil así que vine a pie desde  av eloy alfaro y gracias a maps logré llegar fui atendido excelente y me voy contento eso sí todo,positivo
571,excelente trato hoy asistí por primera vez a este centro médico y  tención fue muy buenael pediatra tuvo fucifiente tiempo para  poder explicarme  situación de mi hijo  administrar  medicación,positivo
572, personal de enfermería de laboratorio de no tiene buena actitud con  pascientes  lugar tiene excelente infraestructura y dotado de equipos de punta tiene pocos lugares de estacionamiento,positivo
576, servicio médico es muy bueno  instalaciones  muy buenas no tiene emergencia  y ahora no se puede pedir cita directamente  en ciertas  especialidades y  call  center  nunca te da cita en este centro,positivo
585,muy limpio baños de calidad atención médica muy buena personal administrativo muy amable y presto a ayudar,positivo
589,excelente dispensario para consultas no se realizan procedimientos y no tiene emergencias son consultorios medicos,positivo
593,"excelentes instalaciones
 facilidad de parqueo
 rápida atención",positivo
594,lo bueno que ahí en ese lugar existe taxis para poder movilizar tanto de  de regreso,positivo
599,en general es bueno  agendamiendo de citas sigue siendo un problema,positivo
602,es un lugar limpio de buenos accesos una atención buena,positivo
603,excelente administración buena atención de nota  trabajo planificado,positivo
634,lamentablemente  persona especial que atiende en ventanilla es muy poco amable casi cae en despota,positivo
637,excelente atención  médico familiar es un excelente médico,positivo
650,hoy fuimos a  vacunación contra  covid19 todos  errores iniciales superados una excelente atención eso  debe ser  servicio público felicitaciones y sigan así,positivo
651,"acabo de vacunarme  servicio profesional de  servidores del ie
ss excelente pero  viveza criolla y  falta de respeto daña todo",positivo
652,muy buena  atención al cliente una infraestructura elegante además de ofrecer buenos servicios,positivo
659,emergencias atiende 247 es funcional y atienden bastante rápido  atención es buena  a otros iesss hay especialidades que operan en este lugar en horario administrativo no sé por que se llama iess cotocollao si este,positivo
671,iess cotocollao una atención muy rápida muy ágil y sobre todo  personas de atención al usuario son respetuosos y muy rápidos un excelente servicio,positivo
672,muy limpio ordenado todos muy amables prestos a ayudar,positivo
673,atención muy demorada en emergencias  médicos pasan fuull ocupados pero son muy buenos  personal son muy amables,positivo
674,"mi experiencia aquí siempre ha sido buena
hasta por emergencia han sabido solventar rápido  necesidades del paciente",positivo
691,les falta capacitación en atención al cliente  personal a excepción de una señora que trabaja ahí hace años no atiene rápido en  distintas ventanillas ya que conversan entre ellos o por  celular juegan con  tiempo y dinero de,positivo
696,debería alguien informar que  gente tome asiento  porque se va al llamar por  nombresya que para realizar  isopado  tocó hacer una fila degana para citas medicas les   excelente prestador de servicio en mi opinión  mejor que tiene convenio  iess,positivo
700,organizado limpio y  atención ágil cuando fui al iess san francisco y me derivaron allá pensé que iba a ser un problema de echo mucho mejor y rápido,positivo
702,me trataron excelentemente bien me ayudaron muy rápido y muy eficiente gracias a  doctores estuve sola y me apoyaron muchísimo,positivo
706, servicio de  médicos es bueno y en general  atención es muy buena es  y tiene muchos servicios a  pacientes con calidad y calidez  razón por  que pongo 2 estrellas es para  y advertir a  personas que,positivo
716,para  caso de emergencia de vías respiratorias  tiempo de atención fue bueno y  personal amable,positivo
735,son muy atentos con sus pacientes  médicos cumplen con  necesidades de cada paciente,positivo
747,recibí atención oportuna en  área de emergencias con personal capacitado y amable,positivo
761,excelentes profesionales de  salud especialmente  área de neurología y oftalmología,positivo
843, dra gineoncóloga pamela vallejo  fue mi cirujana y es una excelente profesional todo  personal estuvo muy atentados a mis cuidados quedé muy bien de mi cirugía les agradezco muchísimo,positivo
857,excelente a mi abuelito le atendieron y  trabajo es impecable a pesar de que es un personal para un montón de gente muy agradecida por  trabajo brindado aunque  situaciones no son fáciles en  sector salud del país  personas allí dan un buen servicio,positivo
865,excelente hospital del instituto ecuatoriano de seguridad social una atención agradable y con un grupo humano de profesionales en medicina lo  para todos  afiliados,positivo
867,negligencia tras negligencia si no desea vivir una experiencia muy lamentable estando enfermo mejor ni se acerque a este hospital que lo que parece es un simple hotel hay falta de insumos y de buenos profesionales empáticos y morales hay,positivo
873,excelentes médicos un poco lenta  atención pero resuelven problemas,positivo
883,entré por  área de emergencias por una fractura de  pierna todos me atendieron muy bien y con una rapidez digna de agradecer  médicos muy amables y me derivaron a cirugía en cuestión de un par de minutos lamentablemente no tenían,positivo
891,agradezco mucho al hospital a  doctores enfermeras personal en general tuve una cirugía y todo estuvo excelente gracias por  gran aporte y  gran cuidado que dan a sus pacientes aun debo volver por controles y espero que siga así de  me atendieron en  cirugía,positivo
898,excelente hospital queria agradecerle a  doctores palacioszoporta y  doctora plaza  mi padre franklin vizuete fue operado con gran éxito y a toda  área de neurocirugía gracias a  señoritas enfermeras y a todo  personal que,positivo
900,excelente hospital y muy agradecida con  dr palacios y dra plaza de neurocirugía excelentes profesionales operaron a mi padre franklin vizuete viteri de un tumor en  columna y esta super bien caminando dr palacios dios le pague por,positivo
911,muy buen servicio  edificio podrian estar un poco más renovados  pero  servicio medico es muy bueno  staff medico es de gran ayuda al paciente,positivo
913,una excelente atencion muy   agradecida con  personal medico  estuve internada algunos días  atencion  es buena gracias dra davila por todo   me realizaron una hablacion  en  corazón  y me siento feliz mi estilo d vida cambio  mil  gracias dr jose  luis laso quien me realizo  ablación,positivo
919,totalmente agradecido  con 3 doctores dr palacios dra plaza y dr zoporta de neurocirugíamuy buen servicio le operaron a mi padre y lo hicieron excelente y  resultados totalmente positivos,positivo
921, atención médica excelente lastimosamente no hay todas  medicinas,positivo
926,buena atencion para niños considerando  pandemia en  área de pediatría se manejan buenos protocolos cuando detectan pasientes con covid,positivo
928,gracias a  dr palacios dra plaza y dr zoporta por  excelente profesionalismo operaron a mi amigo franklin vizuete  de un tumor de  columna y se encuentra muy bien muchas gracias,positivo
929,bueno  hospital andrade marin es bien amplió  y atiende a miles de personas,positivo
930,dios  bendiga y proteja en especial a neurocirugia son una eminencia excelentes profecinales gracias por devolver  vida a  personas,positivo
932,un excelente hospital lleno con  mejores profesionales del país,positivo
938,es una excelente institucion de salud tecnologia de punta y profesionales de muy alto nivel,positivo
943,muy buena atención me ayudaron en todo lo que necesite en hospitalización son excelentes,positivo
946,hay buenos profesionales  pero atienden a una infinidad de pacientes  nosotros apoyemos  salud con un poco de tolerancia,positivo
956,excelente atención en emergencias odontológicas totalmente agradecida,positivo
965,excelente atención en todos  servicios que me han atendido,positivo
975,todavía falta mucho para una atención de calidad reconozco que hay mejoras y buenos avances,positivo
976, servicio no es excelente pero ha mejorado mucho con respecto a años pasados,positivo
1023,"señor director del centro medico central quito
muy buenos  días  por pedirte un favor
no se que  pasa en  distribución  de turnos para  metabólicos  ya estamos",positivo
1032,excelente  medico general para  tercera edad pero no hubo  medicina para  colesterol,positivo
1051,excelente trato de  doctora ventura muy limpio todo y con extremo cuidado para que no haya contagios,positivo
1057,después de agenda ya  turno es lo más rápido para un tratamiento de parálisis,positivo
1076,tengo que decirlo lamentablemente  atención a  pacientes es deficiente no por  médicos que atienden a  pacientes son excelentes profesionales sino  problema radica en admisión donde uno tiene que ir a calificarse para que le puedan atender en su cita médica se demora eternas memorias,positivo
1087,excelente atención deberían mejorar  implementar  fila preferencial para atencion en ventanillas,positivo
0,un maltrato increíble  guardia no deja entrar a al acompañante del enfermo ya se enterará si le pasa algo al enferno dijo  guardia con malaactitud ojala  muerto nos haga una llamada del más alla lo que se espera de iess,negativo
1,pésimo servicio tiempo de espera de más de 4 horas para que al final no te atiendan porque no estás lo suficientemente grave,negativo
3,pésimo servicio 3 horas para atencion y 3 más para  entrega de resultados no es justo nosotros pagamoa nuestro seguro al dia y ellos se demoran mucho,negativo
4, servicio lento inoperante burocrático des humanizado solo  con  calidad del personal que aquí trabaja parece que nos están haciendo un favor cuando  realidad es que gracias a nuestros aportes es que esta nefasta,negativo
5,si podría darles 0 lo haría  servicio público es lo peor que existe y más aquí lleno de burocracia y grosería,negativo
8,"es un lugar saturado mal señalizado y en malas condiciones  aunque  trabajadores enfermeras doctoras se muestran amables nada pueden hacer
en consulta no tienen  equipos adecuados para un diagnóstico  o argumentan",negativo
11,pésima atención se entiende que tengamos que esperar por  atención  es posible  dos horas y no te den respuesta de unos resultados que ellos mismo te indican que se demorarán de 15 a 20 minutos adicional no tienen ni ,negativo
12,en este centro médico te pueden dejar morir tengo un video donde llegó una señora mayor en silla de ruedas quejándose de dolor y aun así le hicieron esperar por horas mientras todos  demás presentes nos daba pena e indignación,negativo
14,fatal  día miércoles 27 asistí a este lugar realice todos  trámites y  espera de resultados para que me digan que algo me cayó mal y que en  resultados no salió nada en  madrugada del jueves 28 me fui a un hospital privado ya,negativo
15,un servicio aunque no lo llegué a recibir pésimo enfermeros y médicos groseros fuimos por una emergencia del corazón  se debía pasar por diagnóstico covid  dra se había ido a almorzar sin dejar reemplazo mientras mi madre,negativo
19,pésimo sevicio te descuentan mes a mes y jamas hay turnos para médicos especialistas y te hacen esperar 3 a 4 meses para un posible turno con algún especialista no hay empata para con  usuarios,negativo
22,"10
pésima atención en  área de pediatría llegue con mi bebe deshidratada y  dra preguntando que quería que hiciera si ella no  veía mal despota y super",negativo
24,"lo bueno es que han mejorado en dar información al público existen personas que orientan al usuario  mayoria de médicos son puntuales en sus citas
lo malo es  hacinamiento en laboratorio para entregar  muestras  personas esperamos hombro con hombro con  muestras y  turno en  mano",negativo
28,"si se pudiera poner 0 estrellas lo haría
hacen esperar horas para dar una pastilla de paracetamol es una pésima atención",negativo
29,de  peores centros de salud 5 horas para poder ser atendido por síntomas de covid un día totalmente perdido por  ineficiencia de esta gente pésimo servicio que hacen con nuestros aportes,negativo
30,una unidad médica terrible me respeta un médico general medicamentos fuertes sabiendo de mi estado de gestación y sin embargo con  malestar y síntomas que presentaba no consideraba necesario un reposo que poco profesionalismo terrible,negativo
33, servicio es lento es muy disfuncional uno necesita de urgencia y le dan cita por poco dentro de 2 meses,negativo
36,lugar limpio pero parece desgastado por  uso instalaciones útiles pero antiguas no han sido renovadas servicios de salud estan bien atención normal,negativo
38,si se solicita información deben por lo menos escuchar dan mal  indicaciones hacen perder  tiempo y para colmo no atienden en  horarios establecidos es a  0700 y luego dicen a  0900 pésimo,negativo
40,q mal servicio más lo que cobran y no ay medicamentos y  citas dan despues de dos meses de px gusto toca aportar a estos rateros,negativo
43, personal que trabaja en derivaciones es una vergüenza es una total bulla mal educados  y en horas de trabajo,negativo
55,hay mejor atención y más orden en  instalaciones  lo malo vendedores ambulantes  dentro del centro,negativo
101, peor lugar para atenderse nadie tiene respeto por  personas 1 sola persona para toma de signos vitales 4 horas de espera para una consulta de 5 minutos con una doctora mediocre  únicos amables  señores guardias,negativo
103,todas  reseñas escritas por este servidor nacen desde  experiencia vivida en carne propia  atención en cuanto a emergencias es muy satisfactoria y pronto entre más grave es  enfermedad o  mal que a un lo aqueja más rápido le,negativo
104,pésimo servicioa mi tía  operaron dos veces  herida no le sana le dieron mal  cita médica 3 veces le daban  cita para  días que no está  doctor y en otra  doctor jamás agendó  cita  son un sinnúmero de cosas que dejan,negativo
105," atención prestada buena no a  velocidad que uno necesita  en todo hay que esperar
tienen una carpa para  espera pero igual  gente no respeta o le falta un",negativo
107,una cosa es que estén saturados de gente no haya medicamentos o tengan poco personal pero  actitud mediocre de este personal es una total locura mi mamá tenía una apendicitis y le trataron muy mal diciendo que espere su turno se,negativo
113, atención es bastante buena y rápida me operaron pronto cuando en otro hospital del iess me informaron que había lista de espera de un año además  habitaciones son aseadas y están casi nuevas  personal medíco y de enfermería muy,negativo
116,"esta es  emergencia de este hospital 7 horasen espera
no te atienden te tratan mal
es mejor ir en estado etílico que te atienden más pronto
 derecho humanos son vulnerados",negativo
119, atención debe ser desde un principio prioridad para  tercera edad deben darle  turno en color naranja que pueden esperar un laso más corto que  de color amarillo que dice de 1 a 3 horas ya no están para esperar sentados mucho,negativo
122,malísimo primero  enfermeras tienen un carácter de perro ni delicadas ni respetuosas son eso deberían cambiar no tener gente así por que se siente hasta pesado y negativo le falta una oratoria de atención humanitaria de enfermos y,negativo
123, tiempo de espera en emergencia es de 4 a 5 horas sin exagerar y esperando que sea de ayuda para alguien que planea su ingreso uno o dos médicos atienden toda  emergencia mientras que hay 3 personas para solo tomar signos considero,negativo
124,buenas  servicio de enfermeros y enfermeras muy mal en  torre 3 piso 4 por que mi mami esta internada ahí desde  domingo le cambiaron a ese piso y torre y no le dan  atención necesaria ya que  día del cambio mi mami empezó a utilizar pañal y  dejaron mojada por varias horas y nadie se movió hacer su trabajo,negativo
128,un hospital  ordenado y atención increíble siempre están pendientes en todo momentos máquinas nuevas y excelentes profesionales que te hacen sentir seguro,negativo
129,pésimo para tomar un turno con un especialista  se paga mensualmente por  servicio y no son capaces de tener más doctores  pésima atención,negativo
130,"muy mala atención médica en especialidad de urología me cambian de fecha por 3ra ocasión en esta ocasión me reasignan para
fecha	20231003",negativo
132, hospital muy moderno pero  atención hospitalaria no está bien administradahoy día 4 de diciembre hemos sido maltratadas por  doctora león que atiende en  torre 1piso 4 a un familiar con neumonía que está con estado crítico y,negativo
133, sala de emergencia pediatríca tienen enfermeras y enfermeros que estan de mal humor si se les pregunta  dosis del medicamento  horarios que se deben administrar a  pacientes o incluso si se pasan de  hora y se les recuerda a,negativo
134,pésima atención un servicio deplorable porque  mayoría de  que trabajan ahí no sirven para nada tienen ínfulas de grandeza cuando no tienen ni capacidad de servicio al cliente hech  dueñas del hospital pésimo sistema de salud ganando sueldo de gratis porquería de personas que juegan con  salud de  demás,negativo
138,estuve 2 horas solo para hacer una curación  algo mal me párese,negativo
139,no  existe desorden total  doctores prometen cirugias en una hora y luego no cumplen nadien te da razon te tienen dias y tras dias  y ademas  de  sala esperan materiales para  operaciones que no,negativo
147,"un hospital muy moderno con una infraestructura de alta tecnología
son 5 torres con ascensor salas de espera
médicos enfermeras camilleros personal de logística y administrativos son muy",negativo
148,"pésima atención personal mal educado grosero y prepotente enfermeras no hacen ningún trabajo por  pacientes desde q ingresan duran horas y horas y  paciente sale tal cual ingreso  herido lastimado
010 pésimo  servicio público  dinero q aportamos es en vano",negativo
149,un lugar definitivamente malo  jamás tienen médicos y peor medicina se les paga puntual para una atención de excelencia  y si atención no llega ni mala por que es un asco si necesitan ser atendido vallan a otro lugar aquí les,negativo
153,no contestan  numero convencional del hospital pésimo servicio,negativo
154,gracias a dios hoy salió mi cuñado de ese pésimo lugar del cuarto piso de geriatría  enfermeras con falta de humanidad educación es un piso donde están adultos mayores quienes merecen mucha consideración y sobre todo paciencia,negativo
157,"cuenta con una infraestructura grande y moderna pero  atención es pésima  personal parece no estar bien capacitado y hay 
es una pena porque da una mala imagen de  salud pública hay centros médicos y hospitales del iess que si dan una buena atención",negativo
161," servicio de emergencia es malo  doctores piensan que uno les quiere engañar o estafar  trato malo y despectivo
sin embargo al ingresar al hospital  atención es excelente mejor que",negativo
163,esperando más de 1 mes para 1 cita medica con  especialista que vergüenza con  dinero que se aporta podría haber pagado a parte buen especialista,negativo
166,fui con una fuerte migraña y vómito me tuvieron esperando más de una hora en sala de espera supongo que esperaban que mis síntomas se agravaran para atenderme posterior tuve que salir y hacerme atender en un centro particular son lo peorsito que hay,negativo
169,"pésimo servicio
en emergencia se demoraron 5 horas en atendernos todos se pasan  culpa informaciones borradas doctores al apuro  negligencia nadie sabe",negativo
171,no me gusto ami bebe de 5 meses  lleve  viernes porque esta con mucha fiebre  y ayer sabado también  lleve porque seguia con fiebre  y con malestar  y me dicen que es algo normal y solo le mandaron paracetamol nada más y sige mal,negativo
174, mayor parte de enfermeras enfermeros licenciados en enfermería médicos no tienen ética profesional dan un pésimo servicio médico no les importa  vida de  pacientes hay muy pocos médicos y personal que hacen bien su función en  hospital es muy triste  situación que se vive en ese hospital,negativo
175,hoy 01072019 visité por primera vez este hospital   infraestructura es impactante muy moderno lastimósamente en derivaciones un personal de presencia buena pero que trata mal a  afiliados por otra parte me enviaron a otra,negativo
176,mi  es que pregunten a cada rato por su familiar porque no te dicen nada mejor si puedes ni salgas de sala de espera y otra   vr  guardias de ahí desconsiderados en  horas de  noche en todas horas pero ya ni modo toca aguantar por que es público,negativo
177,en este momento  apuntador está mal colocado pues está ubicado en  calles moraspungo y pinllopata junto al parque lineal del río machángara construido en un  área de 21860 m2,negativo
180,yo he asistido con estudiantes del colegio donde trabajo son hijos de afiliadosentran inmediatamente y toman signos vitales se espera un tiempo prudencial para que les atiendan y les hagan  procedimientosen mi opinion laatencion es muy buena,negativo
182,pésima atención mi suegro ingreso  martes por covid y hasta  día de hoy no sabems nada nadie da información y mi suegro no tiene teléfono todos estamos muy preocupados alguien me puede decir algún número para averiguar reclamar o saber algo de mi suegro gracias este pésimo servicio debe ser denunciado,negativo
185,como puede ser posible que estando con  mano fracturada le envíen a casa y no hagan  tramite para transferencia de inmediato muy mala atención,negativo
186," número que está en  página de google jamás contestan se llama y se cierra automáticamente
 espera es demasiada hasta para  emergencia",negativo
193,excelente atención   tienen consideración con  usuario  infraestructura de primera es  primera cita   cero quejas del usuario,negativo
198, atención es excelente lo único malo que no hay  mayoría de medicamentos,negativo
213,mala atencion y servicio makltrato a pacientes y parientes mal manejo de informacion de  pacientes,negativo
256, peor atención a  personas más de 32horas en emergencia y no son capaces de entregar un resultado para ver si es operación o no  gente se puede morir en su sala de espera y les vale un huevo ni un suero para aguantar y quieren que,negativo
258,seguramente uno de  peores hospitales de  país  área de emergencia empezando por afuera familiares esperando en  frío con sillas rotas guardia déspota y enfermeras y médicos practicantes pagar aportes por un suero es una estafa,negativo
259,pésima atención en emergencia pediátrica toman  datos pero no hay enfermer en  área de triaje para  preparación del paciente nos toca esperar más de media hora para  triaje cuando no hay pacientes en espera se le aborda al,negativo
261,pésima atención llevo más de tres horas esperando q nos atiendan y nada q atienden encima esta saturando bajo y no  en dar oxígeno q pena para descontar nos del seguro ahí si son buenos,negativo
265,noce si no hay control aqui en elhospital san francisco de asis que desde ayer le tengo a mi suegra con  pierna rota y no hacen nada por ingresarle adentro durmio en  area de espera en una silla y asta hora ya son  10 de  mañana,negativo
266,pésimo servicio en  área de emergencia  personal administrativo  y guardias groseros  le negaron  atención a un paciente que estaban super mal  que no podía ni caminar del dolor por  hecho de que pese a que está  voluntaria le faltaban 4 días y no tenía fiebre espero no tener que regresar nunca,negativo
271,un lugar donde no tienen sentido de urgencia ni humanidad desde  guardias un pésimo trato en triage  enfermeras no tienen ni idea de lo que hacen no saben tomar signos vitales no tienen  implementos necesarios para atender a,negativo
272,horrible atención nos  se les obligará a trabajar y sin sueldo y da hasta miedo preguntar algo a alguien,negativo
273,un hospital donde se aporta mensualmente  100 y a veces hasta más tienen una pésima atención desde  guardia pseudoprofesionales  pésimos diagnósticos 0 en sentido de urgencia tienes que llegar más muerto que vivo para,negativo
274,pésima atención lleve a mi esposa por emergencia ya que estaba muy mal en cuanto a salud se demoraron 1 hora para  toma de signos vitales y sin haber personas  respuesta de  señorita es que no todavía no le reflejaba  nombre de mi,negativo
275,hay más guardias que personal médico parece que entramos a una prisión no disponen de insumos medicinas habitaciones  personal de seguridad no tiene  más mínima empatía se creen dueños  muy mal servicio,negativo
276,buenas noches llevo más de cuatro horas esperando  atención por emergencia  dr del consultorio 1 que aparentemente me tiene que atender se lo pregunté a  1800pm y me informo que habían tres pacientes antes de mi ya son 2056 pm y sigo esperando para colmo se le vuelve a preguntar y contesta grosero,negativo
278,entramos por emergencia por una subida de presión altísima de mi madre 218103 y nos tuvieron a  espera por 1 hora y media y para colmo no fué atendida  por lo que me tocó llevarle a otro lugar pésimo servicio pésimo personal no están en sus puestos de trabajo,negativo
279,si pudiera le doy 100 de calificación pedimos profesionales pésima antencion pésimos diagnósticos no tienen ni idea de lo que hacen diagnosticaron cáncer  una inyección por 300 y por lo pésimo de su servicio fui a una,negativo
282,"falta atención no
puede ser que uno con emergencia espere 5 o 6 horas para que lo atiendan hospital desordenado pésima  todo  iess malo remalo medicinas dolo paracetamol e ibuprofeno",negativo
284,cada vez van de mal en peor  atención en emergencias es pésima no hay médicos disponibles y en muchos de  casos hay uno solo para tanta gente además cancelan citas medicas de  noche a  mañana incluso cuando ya están agendadas de hace meses,negativo
285,cómo todo lo que tiene que ver con  seguro de este país pésimo  atención groseros desde  guardias  doctores médicos y demás personal creo que mejor atención y trato de recibe en  camal que en ese lugar mi madre tenía un cirugía,negativo
292,para que esta emergencia si  atención es súper pésimo,negativo
296, atención en este establecimiento del estado deja mucho que desear  mal trato al usuario laindiferencia y prepotencia son actores principales por parte del personal que labora en  sitio,negativo
300,en este hospital  servicio es de primera  habitación super aseadas y modernas  aparatos con que trabajan de última tecnología lo único que no megusts es que no dan mucha información acerca de  pacientes y te hacen esperar,negativo
302,pésima atención en emergencia dejan a  pacientes esperando horas  para luego decir que eso no ño atienden ahí una pena que de nuestro aporte salgan  sueldos de personas que no tienen vocación  con cero empatia por  pacientes,negativo
303,pésima atención asistimos con mi esposo que es paciente renal con fiebre dolor de pecho tos escalofríos y no nos quisieron atender según porque saturamos bien llegamos al batán luego de una hora de espera nos atendieron diciendo que,negativo
305,"mala experiencia quería un certificado médico para presentar en  trabajo porque tengo síntomas de covid pero esperé 1 hora para que solo me tomen  signos vitales y me digan que me vaya al batán o cotocollao
solo quería un certificado para  trabajo por dios",negativo
307, atención del personal médico es muy buena lamentablemente  servicio de asesores falla frecuentemente lo que causa malestar principalmente en adultos mayores que requieren consulta externa,negativo
308,pésima atención llegué a  6pm de  tarde son  3am de  madrugada y sigo esperando atención,negativo
311,mala atención al público en  departamento que recibe  certificados médicos para ser legalizados  dos señores de ahí tratan a  gente con nada de respeto estuve ahí y  uno le grito a una señora no le recibió  documento y  trató mal son servidores públicos y se deben a  usuarios,negativo
327,a pesar de  filas de espera para mis turnos  atención es excelente y tiene  insumos necesarios,negativo
332,pésimo servicio en todo sentido guardias patanes e irrespetuosos salas y habitaciones sucias y médicos que parece que les apesta  vida,negativo
337,en este hospital le atenderán en emergencias señores guardias de seguridad porque médicos no hay pésima atenciónpésimo servicio,negativo
340,pésimo servicio llegan casos graves y no son capaces de atender con eficacia,negativo
342,terrible voy desde  12 y les seleccionan a  pacientes x código d color o x parentesco de alguien q trabaje adentro sigo esperando  atención q merecemos todos  ecuatorianos,negativo
345,"pésimo pésimo  servicio
mala informacion por un certificado no disen ni quien da ya voy 3 horas solo esperando  certificado y no puedo retirarme a descansar",negativo
353,hay que esperar mucho tiempo para que le atiendan en una emergencia,negativo
356,realmente pésimo uno llama alzan  teléfono y cuelgan creo que  personas que trabajan contestando no son lo suficientemente capacitados,negativo
358,estuve desde  9 pm hasta  otro día y no me atendieron que malos no me gusta,negativo
405,pésimo servicio en  área de derivación de fisioterapia llegó con más de 30 hora antes para podet pasar a  cita y  chica se demora en verificar  turnos  adicional si no tienes padrinos no te dan turno pésimo  incluso cuando estuve esperando una enfermera le pidio que le ingrese un turno a un paciente,negativo
406,"no hay suficientes ascensores y  mismos son muy pequeños no todo  personal es amable de repente les hace falta un curso de relaciones humanas
preguntar bien porque si se puede ingresar con vehículo para personas con  lo malo es que suele estar lleno  parqueadero",negativo
407,"estuve esperando más de 1y30 de  cita que tenia y debido a eso no pude asistir a otros aventos que tenia
es muy bonito solo que  atención es muy tardada",negativo
408,no me llaman hasta ahora para darme  derivacion desde  28 de febrero llevo esperando para una endoscopia y colonoscopia urgente que me derivo  gastroenteorologa de biodilab llamo y no responden ningun telefono terrible atencion y servicio,negativo
409, chiste de  sala derivaciones es un espacio para estar calentando  puesto se espera meses para tomar un turno en especialidad  gente que trabaja  ineficiente recibiendo  sueldo de gratis terrible  situación de ese intento de hospital,negativo
412,"no me gustó para nada hacen perder mucho en tiempo hay que sacar turno para  turno del turno
adicional  dr cando de medicina familiar muy mal educado  ofensivos y fuera de lugar y se burla de  de  pacientes pésimo lugar",negativo
416,muy buena  atención de su personal lo único que  recepcionistas de  piso 4 no dan buena información uno va a pedir por favor un turno y brava dice no hay aquí para oftalmología vaya a otro dispensario del iees con una mala actitud ni para traumatología,negativo
417,buenas tardes tengo una solicitud para derivación de clínicas privadas con convenio para colposcopia endoscopia y colonscopia pero me dicen que debo esperar 2 meses por lo menos para   respuesta pueden ayudarme con estos,negativo
419, atención es muy demorada pero lo realmente malo es que  baños están muy sucios y no hay papel higiénico y es un centro de salud,negativo
420,pésima atención  oftalmología muy mala  doctora se enoja con  pacientes y les habla mál pésima para  atencion debería sacarla no se porque atienden mal si una pága iess para  buena  atención pero muy mal servicio de oftalmología y odontólogia  no l,negativo
421,por que  stra que atiende en  recepción no se rije   es su obligación  a  personas que tienen su  le ve que está con uniforme de doctora le ase rápido  trámite de sacar turno mientras  resto tiene que esperar y mirar  monitor a ver si pasa algún número todo está burocracia tiene que cambiar,negativo
424,para  atención de referencia en ventanilla fue rápido claro llegue a  1200 horas  lo malo es que ni hay parqueadero cercano,negativo
433,necesito poder  quejarme de un mal servicio  a donde acudo,negativo
437,pésimo trabajo de  pediatras no les importa  niñ,negativo
452, guardia que entrega turnos es   y estafador entrega turnos a su conveniencia sin respetar ni hora de llegada ni edad de  pacientes ni nada a  personas de  tercera edad les  animales ponen un guardia,negativo
453,"no tienen una sala de espera adecuada solo hay una carpa fuera hace demasiado frío
 atención es demorada poco personal y  trabajadores no son muy amables
no hay medicinas",negativo
454,"malo malo malooooo
cómo es posible que en un hospital hayan dos doctores para atender a todas  personas",negativo
455,pésimo servicio en especial con  de uci  una evelyn cevallos y creo que es  amante por que aparte parece cabaret gracias al espectaculo tan deplorable de esta gentuza  deberían sacar de nomina a esos sinvergüenzas,negativo
460, atención mala mi hija muy mal y no dan  prioridad a niños y adultos mayores están afuera padeciendo y nadie les atiende rápido,negativo
461,un pésimo servicio parece que todo mundo está se vacaciones nadie atiende todos en  cháchara,negativo
465,es un desperdicio de dinero  seguro se paga un seguro por ser bien atendido llegué con temperatura alta en  madrugada 410am y nos hicieron esperar afuera en  frío casi dos horas no sirve de nada tener seguro,negativo
466, área de validacion no tratan con amabilidad mejor diríjase a  doctores o enfermeras cuáles aún tienen algo de decencia y amor por ayudar al enfermo que es muy posible que les atiendan y no tengan que esperar meses en su cabio de turno,negativo
470, tiempos de espera en dias normales no son largos son muy largos eso si  dias despues del feriado esos dias se llenan de gente buscando certificados hay carencia de especialistas en  emergencia aunque  mayoria del tiempo hay,negativo
471, tiempo de espera es demasiado  atención es buena pero no hay medicinas toca salir  fuera del hospital y eso está mal ya q estamos aportando,negativo
476,este hospital está abierto  24 horas del día pero  atención es muy mala para una  mínimo hay que esperar 4 horas aunque estés pagando por  servicio  verdad es muy deficiente creo que realmente no atienden,negativo
479,pésimo servisio  de entrada no hay una ventanilla done se pueda preguntar se le pregunta a alguna enfermera o doctora no saben nada bueno me puse en  fila donde deriban  examenes parada una hora en  fila llego a ,negativo
480,pésimo servicio   servicio pésimo  atención  por mencionarle en  área de emergencias   atención en  sector donde se dan  turnos  uhhh esa persona que atiende  me  hay gente así que esta en esos puestos  pésimoparecía mudo  eso debe cambiar poner gente que verdaderamente sirva de algo,negativo
481, atención es un poco lenta y hay varias personas que atienden con mala actitud por supuesto no son todos pero si deja bastante que desear,negativo
483,"pésimo  suministros de aseo no son  adecuados usan  misma jeringa de  medicacion para nebulizaciones fines de semanaaparte q no una guantes ni mascarilla y no se protegen con gel antibacterial
pésimo pésimo pésimo",negativo
484,pésima atención  personal es lento e indolente además que no son capaces de atender cosas sencillas asistí a emergencias con mi hija por una fractura de brazo y después de perder más de una hora me dijeron que vaya a otro hospital porque ellos no tienen traumatologo,negativo
485,dejan pasar a quien les dé gana por preferencias si son amigos o familiares no les hacen esperar 4 horas por emergencia,negativo
492,mal muy mal 4 horas y no pueden atender a mi hijo de 6 años hasta cuando,negativo
533,pésima  atención  señorita de agendamiento de turnos atiende a  pacientes sin amabilidad y es una patada grosera diciendome de manera grosera y alzandote  voz que ella no da informaciónes y que me valla a otro lado  primo pésimo pésimo  personal,negativo
534,no hay derivaciones ni tampoco para examen de control y  pediatra que atendió a mi hijo que actitud tan fea y cuando uno va a sacar cita solo hay en ese lugar  tampoco me dieron medicina ni nada pésimo servicio ir desde lejos para que lo traten así,negativo
535,"fui a una revisión te atienden con  puertas abiertas no hay privacidad  médico que me atendió no me preguntó absolutamente nada me dijo a que viene 
tuve que esperar 130 para retirar medicina de  farmacia no había nada",negativo
536,mi hija tuvo cita con una pediatra pero ella muy arrogante ni siquiera me escuchó cuando trate de explicar  situación de mi hija me interrumpía y de mala gana me dijo que ya me iban a llamar para que mi hija pueda ser intervenida ya,negativo
545,no buscan curar a  afiliados nadie controla  mala atención de  médicos,negativo
548,a ultimo momento me llamaron a cancelar mi cita para  cual espere 2 meses y me reagendan para dentro de 1 mes más no es  clínica es  iess en general es  colmo  mal servicio que dan a  ecuatorianos,negativo
555, pediatra que atendio a mi niña fue demaciado parco nada profecional le lleve a mi niña  de 1 año 3 meses de ead con malestar estomacal este medico dijo que solo esta tratando afecciones respiratorias extendio  receta,negativo
556,pésimo nadie da una buena atencion no guían al paciente te indican mal a dónde es que se tiene que acercarse y por eso  se pierden  turnos pésima atención  draguerrero de medicina interna se le explica y solo dice q vuelva a coger otro turno y todo por un minuto,negativo
562,en farmacia deberian agilizar  atención aumentar más personal no solo una persona se espera demasiado tiempo más de 30 minutos siendo un centro de salud debe evitarse  conglomeración de personas,negativo
563, centro de  del pueblo se encuentra al norte de  ciudad de quito cuenta con una gran infraestructura amplias salas de espera señalética adecuada para guiarse dentro del hospital buena atención del personal y parqueadero para visitantes en general buena atencion,negativo
564,nunca contestan  telefono a  afiliados me parece un maltrato de parte del centro no vamos a ir solo por una inquietud tan lejos,negativo
566,no contestan  número de teléfono a  afiliados está muy lejos para ir por una inquietud me parece muy mal eso porfavor cambien eso gracias,negativo
567,debería haber un control de tránsito en  afueras ya que  taxistas se estacionan donde les da   siempre y causan malestar en  trafico,negativo
568,pésimo servicio no se saca uno yendo allá si nunca tienen medicinas no se para que nos descuentan cada mes  si no hay un buen servicio,negativo
569, sala de espera está en  parqueadero y ahí mujeres embarazadas perdonas de  tercera edad aguantando frío deberían dar aunque sea una carpa para que no aguanten frío,negativo
574,pésimo nadie da una buena atencion no guían al paciente te hacen esperar y pierdes  turnos pésima atención,negativo
581,se llama al teléfono que aparece en  página pero no contestan mal servicio deben suspender y no hacer perder  tiempo,negativo
587, mala atención a  asegurados es  constante de este lugar y aparte de eso no tienen medicina para entregar,negativo
592,no sé para que ponen  número de teléfono en  página si nadie atiende no tienen personal o que es lo que pasa o simplemente pésimo servicio del iess lo cual no es de extrañar,negativo
632,pésimo servicio  funcionarios súper groseros  instalaciones deterioradas y  manera en que se manejan muy burocrática voluntariamente no volvería a ese dispensario,negativo
648,pésimo  trato a  afiliados si eres joven sal corriendo de allí y paga un seguro particular no hay donde dejar  bici y obligan a usar mascarilla menos  funcionarios que se  modelos si eres joven no pagues este servicio,negativo
649,pésimo servicio desde  señora de  ventanilla y demás trabajadores de  salud con sus excepciones desde luego mal mal de mal en peor  iesstratan al  si nos estuvieran haciendo un favor cuando nosotros aportamos mensualmente,negativo
655,pésimo  servicio y atención al usuario demasiado tiempo de espera para  un solo trámite,negativo
660,no están atendiendo me tocó rogarle al guardia que me dé un turno pésima atención voy desde  5pm  aquí y no me atienden para que se paga si no me atienden pésimo servicio,negativo
661,es limpio y funcional lamentablemente falta personal médico sanitario y administrativo  filas en servicio al usuario y farmacia son súper largas esperas de al menos 45min faltan medicinas en  farmacia y siempre se escucha decir que regresen a fin de mes que ahí de pronto y lleguen  medicamentos así desde  2018,negativo
662,pésimo trato lastimosamente  veces que me han dado cita allí  médico está de vacaciones y con decir venga tal fecha ya creen que resuelven  problema que ocasiona tiempo transporte  molestias etc no hay ni donde estacionar un,negativo
663,pésimo servicio mala gestión mala estructura administrativa horas para ser atendido y nadie da respuesta no es posible que solo atienden 2 doctores para  cantidad de pacientes que llegan con diferentes necesidades y lo peor es que se,negativo
668,acudí al triaje por un dolor abdominal  tardaron media hora en tomarme  signos vitales cuando lo hicieron un sr apellido simbaña me dijo que tenía que ir a  emergencia del hcam porque aquí no podía resolver mi malestar por cierto,negativo
669,es  peor lugar que e podido asistir son de lo peor que puede ver en  historia del mundo una atención de última pésimo personal,negativo
670, peor atención para mi hija  fuimos por una emergencia y tuvimos que esperar 5 horas para que  atiendan  aparte de que una sola persona estaba atendiendo a  niños y  llegaban muchas personas y  atendían enseguida pero para ,negativo
676,cero estrela en emergencia  triaje solo hay una persona que atiende a medio tiempo se requiere más atención más de una hora esperando y seguir esperando ni  signos vitales toman hay que agonizar para que le tomen importancia,negativo
677, atención horrible espera de más de 5 horas para ser atendido,negativo
681,"pésimo servicio
médicos sin empatia tienen a adultos de  tercera edad haciendo fila en farmacia cuando ya no pueden ni sostenerse en pie",negativo
683,pésimo servicio por parte del personal medico  día de hoy asistí por una cita y lamentablemente creo que  doctor burneo  cual me atendió es adivino porque ni siquiera me hizo un chequeo en menos de 8 minutos me dijo que tenía que,negativo
684,deberían dejar entrar al paciente con un acompañante aunque no sea menor de edad porque ahí mismo tienen muchas filas y al mismo enfermo le toca estar en todos lados esperando,negativo
686,demasiado tiempo de espera para tomar un turno deberían pensar en automatizar  e ir a  era tecnológica seria  éxito atención muy buena,negativo
688,pésimo servicio  8 meses para un turno de ginecologia para que me digan regrese en dos meses más por mi parte dejare  respectiva queja por escrito en direccion medica para que se tomen  debidos correctivos,negativo
689, peor servicio de que sirve un seguro sin nunca tienen agenda para una biopsia o endoscopia esperar 3 meses para un turno increíble para colmo de males  personal carece de educación empatía y amabilidad son lo peor,negativo
693,"4 horas esperando atención para que te digan que no tienen pruebas y te hagas con un privada para que pagamos seguro social
les recuerdo que pagamos por este servicio no es que nos hagan un favor",negativo
694,pesima atención ya estoy esperando más de una hora y mi novio tiene una laceracion grave en  dedo pulgarno aguanta  dolor y en  triaje nos mandan a esperar más de dos horas para k  medico le examine porque afirman que solo,negativo
697," servicio de salud es pésimo
no m parece que a un niño le hagan esperar 4 horas con dolor porque  no tiene fiebre",negativo
698,hoy lunes 8 de octubre fui hacerme atender al hospital del iess cotocollao x una leción en  columna  atención muy mala primero tuve que esperar 3 horas para  que me  tomen  signos vitales luego  otras 3 horas y solo para q me digan,negativo
699,es un pésimo lugar en  otros hospitales no hay tanto lío para agendar una simple cita,negativo
704, atención es buena se tiene que esperar un poco hay que tomar en cuenta que se atiende según  emergencia por lo demás en lo particular me han atendido muy bien,negativo
708,muy mala experiencia tuve cita con  doctor klever paz es una persona muy grosera no sabe tratar despota bueno de todos  doctores q me hecho atender este es  peor  que si uno les esta pidiendo limosna ellos tienen sueldo gracias a nuestros aportes no lo hacen gratis,negativo
709,no todos son tan amables  doctora de pediatria de planta alta no supo lo que es atender a un niño de 1 año 8 meses que no quiso dejarse tocar sus partes tan  que no podia rebisarlo por que no se deja y no le iso  chequeo que era normal aserle es una mediocre asi que por favor a hables con  señora gracias,negativo
718,"horrible
pésimo trato al visitante
no  ni preocupación real por  salud",negativo
724,pésimo servicio prendidas en  teléfono en horario laboral y en emergencia,negativo
729,llegue con un malestar bien grave y me han derivado a todos  especialistas y exámenes respectivos,negativo
737,hay que esperar mucho tiempo para que atiendan a una persona,negativo
741,es un pésimo servicio tres horas de espera para que vuelvan a repetir  medicación que ya se estaba tomando y no hacía efecto,negativo
744,pésimo servicio  de ciertos empleados y profesionales que no tienen criterio de servicio a,negativo
746, servicio es para asegurados es necesario esperar para ser atendido,negativo
770,pésimo actuar con  personas que necesitan información pésimo servicio,negativo
791,horrible cuidado no atiende rápido casi casi tienes que estar muerto para que te atiendan no dan exámenes no haces ni siquiera  exámenes pertinentes para dar un diagnóstico terrible sitio,negativo
798,acabo de ir a varios llegan  supuestos médicos y preguntan  síntomas riéndose cómo si se burlan me hacen esperar para luego decirme que no me van atender riéndose también pertenezco al sistema de salud y me parece de lo peor este servicio,negativo
801,pésima atención tiempo de espera más de 4 horas solo para una simple consulta hay varios pacientes que esperan con dolor muy pesima coordinación,negativo
803,para una simple consulta estuve  2 horas al personal no le interesa en nada  bienestar del paciente puesto que te tienen esperando inclusive afuera del edificio,negativo
805, verdad es que es un buen centro medico ademas de contar con servicio de rx y atencion toda  noche  verdad si desean una atención les  todo lugar publico tienen que esperar su turno,negativo
806,más de 10 personas esperando en emergencias y no hay nadie que atienda y si se pregunta responden no es asunto mio,negativo
807,"horas sin atención  guardia hace pasar a sus conocidos 
pésimo mejor dirigirse a otro centro",negativo
808,mala no hay médicos para atender  turnos posponen,negativo
812,"pesima atención tanto de  personas que te atienden en   personal médico
 atención es realmente mala",negativo
813,terrible atención al menos 4 personas se fueron porque pasaron 4 horas y no se les hacía  revisión no les importa  emergencia del paciente pésimo servicio,negativo
815,muy pero muy mal servicio por parte de  enfermera de emergencia una persona venezolana muy grosera  médicos son otra cosa muy delicados y minuciosos excelentes profesionales,negativo
816,algunos doctores de emergencia son muy déspotas con  pacientes y gritan y atienden de mala gana,negativo
837,mi hija dio a luz y su bebé tuvo que quedarse en cuidados intermedios de neonatología maltrato y descuido por parte de  mayoría de enfermeras a cargo es lo que se recibió en este lugar,negativo
839,buena experiencia en  trato de doctores área de traumatología columna mi mamá salió muy bien lo único de malo es que  materiales e insumos que si es un gran gasto en  debemos tener derecho para algo se está pagando  iess por otra parte buena atención médica,negativo
841,aquí  enfermeras son unas groseras mal educadas con  fuera de lugar enserio si no tienen vocación mejor dedíquense a otra cosa y ni hablar de esos guardias inhumanos que no dejan entrar a ver al familiar ni dan informes,negativo
847, día de hoy en horas de  tarde en emergencias del hospital andrade marín se presentan dos señoras y un caballero  se acercan a ventanilla sacan turno para emergencias toman asiento a esperar a  pocos minutos sale una señora,negativo
2,hoy 270623 necesitaba saber que paso con una derivación tramitada hace 2 meses que puestamente me llamaban  pero  persona encargada ni siquiera  en averiguar que había pasado con mi proceso pésima atención no ponen personas preparadas en información,neutro
6,es un centro hospitalario muy antiguo que necesita una remodelacion urgente  luminaria es deficiente  estructura es vieja y desgastada  médicos hacen lo posible por prestar una buena atención pero  infraestructura deja mucho que desear,neutro
7,arrepentimiento total llevé  ami hija con fiebre y ho sorpresa no tiene nadacreo que no se toman en serio a  pacientes a mi hija se le agravó y ahora está hospitalizada con neumonía se escudan con que no hay pediatras en,neutro
10,validación de certificados médicos de lunes a viernes de 0600 a 0900 se debe hacer  fila general para obtener  turno  atención es rápida  certificado debe cumplir con todos  requisitos indicados  sello del médico debe ser,neutro
16,negligencia total acudí a emergencias llevo un mes trabajando bajo dependencia y aún si no me atendieron en emergencias presento muchos síntomas que espero no sean abrasivos ni letales cuento con una mujer embarazada a mi lado mi,neutro
17, lugar es viejo huele a humedo no tiene luz en emergencia siempre esta lleno de gente  no hay citas en  iess van a sentarse 5 horas a ver si les atienden no hay parqueo afuera hay un negro con un palopara cuidar q le pagues,neutro
18, problema es que con  gobierno de lenin moreno y guillermo lasso no hay medicinas de lo demás sí hay atención aceptable,neutro
20,no hay atención por emergencias dicen que vaya al laboratorio y farmacia y todo está  pueden atender de esa manera que negligencia,neutro
21,uno acude a estos centro de atención del iess debido a que pagamos nuestros aportes mensualmente y por  emergencias medicas que se nos presentan para encontrarse con una pésima atención desde  ingreso con  guardias no pueden ni siquiera informar sobre nuevos procesos en  ingreso para llenar datos en un papelito,neutro
25,bastante gente en sus instalaciones falta personal de atención a  afiliados cuando estuve ahí de  6 cubículos solo atendían 2,neutro
26, trato de algunas enfermeras se quedó en  siglo anterior déspota y alarmista por  contrario muchos médicos ejercen su trabajo con mayor equilibrio humanismo y ponderación ofrecen cobertura muy amplia a  afiliados aunque está,neutro
27, atención es un poco lenta ya q antes de  cita se debe hacer una cola inmensa para poder pasar a ser atendido pero  atencion de  médicos si es super buena,neutro
31,dra daniela salvador pésima atención lo único que le importa es cobrar un sueldo 0 atención al paciente gritona altiva,neutro
32,no existe una   personal muchas veces son groceras,neutro
34,de  mejores centros de salud es importante saber que no cuentan con servicio de imagen por lo que si tienen una fractura o signos de apendicitis es mejor ir a un hospital para que les puedas evaluar con ecografía o radiografía,neutro
35,no hay rayos x favor si son fracturas dirigirse a otro centro de salud muchas gracias,neutro
39,como en toda institución pública hay q tener mucha paciencia con  gente q trabaja en ventanilla y preguntar si algo se desconoce porque ellos no explican nada,neutro
41,buenas me podrian ayudar hasta que hora resiben  certificados medicos para hacer validar gracias,neutro
42,todos  hospitales  un laberinto tenemos que ir con más tiempo y estaremos bien,neutro
45, guardias de seguridad se portan chocantes y casi me tiran mi celular y luego  chica de intendencia de metiche,neutro
46,este centro atiende consultas ambulatorias y emergencia,neutro
48, atención en emergencias es tardía no tienen un sistema adecuado de atención al paciente tampoco tienen odontología servicios,neutro
49,sin palabras ya saben cómo es  proceso con  iess,neutro
50,para una emergencia en mi condición de hipertenso no se demoraron mucho,neutro
51, citas se drben tomsr por teléfono sino no te atienden ni para orientar,neutro
54, atención al paciente es  todo  sistema de salud publico,neutro
56,hay que ir con anticipación a  cita porque previamente hay que hacer larga fila en información,neutro
57,por favor requiero un número fijo de contacto del dispensario del batán iess gracias,neutro
58,pertenece a  pésima red de salud pública coger una cita aquí es cercano a lo imposible,neutro
61,dentro médico del iess no posee lugares propios para estacionamiento de  usuarios,neutro
63, extensión de farmacia es 212970 marcar primero 3824880,neutro
65,hospital del iess buena atención pero podrían mejorar,neutro
66,en  servicio de rehabilitación se atiende de  tiene que ser,neutro
86,da pena este lugar ni para nombrarse hospital mi abuelita  llevaron de emergencia y no   debe de ser mi abuelita sigue enferma no le han recetado medicina ni le hacen exámenes de sangre para ver que tiene,neutro
90,pésima atención  señorita de admisión nisiquiera saludaaparte en  chequeos ginecologicos cuando una está embarazada debería dejar ingresar con  esposo  también forma parte del embarazo y fomenta  vínculo con  bebé,neutro
91,pésima atención  doctor que le atendió a mi mamá fisioterapeuta grosero déspota da  contra a  indicaciones del médico que  operó minimiza sus síntomas  si pudiera poner cero le pusiera,neutro
95,dispensario del iess traer siempre cédula para atención,neutro
102,no se abastecen muchos enfermos en emergencia no tienen asientos para  pacientes y peor para  acompañantes  como que les vamos a obstaculizar su trabajo,neutro
106,en serio no se que pensar a estás alturas no se si es ineptitud o desinterés por  o  paciente no se si sirva de algo  opiniones de aquí pero en serio que decepción que da  profesionales en especial de ginecología de emergencia que para colmo no sirven ni para atender,neutro
108, hospital es un  que cuenta con paso peatonal exclusivo y amplios parqueaderos,neutro
109, atención por lo que  un familiar es que es muy buena pero le pongo 4 estrellas porque se demoran un siglo solo por coser una herida muy  de 5 puntos estuvimos desde  3 de  tarde hasta  10 casi de  noche ya,neutro
110,"toda una barbarie su atención   profesionalismo dejan mucho que desear  es  institución que cobra para brindar un servicio privado  que más bien queda por muy debajo que de un servicio público
todos  servicio es ineficiente",neutro
111, servicio es fatal se demoran más de 5 horas para atender a un paciente lo peor de todo es  personal no tiene  paciencia para indicarte donde quedan  áreas correspondientes  doctores pasan y pasan a lado de uno y ni siquiera se,neutro
112,me pueden informar sobre  doctora liliana rodríguez de cardiología pediatrica que tal es  trató con  niños y pacientes porfavor es primera vez que voy a ese hospital,neutro
114,emergencia primero ir a triaje luego admisiones y de ahí al médico si van con pedido de isopado covid de un dr de centro médico de convenio con  iess no sirve de nada deben hacer todo  proceso de emergencia para que  doctor,neutro
115,mi esposa tiene cáncer está con dolor de cabeza fuerte presión 172 y glucosa 144 estamos en emergencia ya 1 hora y no hay quien atienda sin  7 y 2p,neutro
117,mi madre tenía una cirugía programada para  lunes 22 de mayo en  iess central pero se dañó lamaquina y le derivaron a este hospital pero aquí le dicen que no hay cirugías es decir que mi madre boto 35 años de su vida aportando al,neutro
118,muy buena atención en esta época de pandemia han ayudado a mucha gente creo en  profesionalismo del personal médico y enfermería del hospital al momento si hay medicinas y aunque no hay consulta externa en emergencia buena atención,neutro
120,buena atención  estacionamiento esta muy lejos de  entrada principal con una persona en silla de ruedas si llueve te empapas es mejor en este caso ir en taxi,neutro
121,es uno de  hospitales más modernos de quito con equipamiento  con otros hospitales del país tuve  oportunidad de conocerlo hace poco estuve en  área de pediatria en hospitalizacion y  paredes están decoradas,neutro
125,a  ciudadanía  teléfono que sirve para llamar al hospital iess quito sur es   02 3983200,neutro
126,instalaciones modernas no hay atención personalizada trámites engorrosos sin control de calidad del servicio médico y tratantes,neutro
127, infraestructura bien es indignate  ver que  mayoría de  profecionales de  salud no tienen vocación cálidad humana empezando con  emergenciologos groseros  no tienen un lugar para realizar un procedimiento tengan que,neutro
136,pésima atención de algunas  enfermeras deberían controlar más  atención a  pacientes cuando se encuentran internados,neutro
137,"si pasa algo con  turnos tengan  decencia de escribir por mensaje o por correo electrónico
no es un servicio gratiuito  personas pagan todos  meses",neutro
140,en este momento en  piso se encuentran con aire acondicionado prendido cuando  temperatura es tan baja que se están congelando  no apagan  aires se ha pedido a enfermería  que informe a mantenimiento que  apaguen porque es,neutro
144, gente del turno de  noche muy buen trabajo  gente del turno diurno una basura tres diagnósticos distintos en 8 horas ninguno se toma  molestia de leer  historia clínica no les preocupa dejarles a  pacientes  y,neutro
145,pésima atención por parte de una señorita que está en  área de terapias hoy me acerque a entregar documentación para terapia del lenguaje y lo que me respondió que ahí no me ayudan con  turno que me vaya al iess de chimbacalle cuando,neutro
146,hace 6 meses mi hija  se corto  deditos con unas latas por lo que tuvieron que suturarla varios puntos pero por seguridad también tenían que ponerle una inyección contra  tétanos muy lamentable  atención de  enfermeras que,neutro
150,a mi me han atendido bien tanto  personal  en farmacia al gobierno hay que exigir que pague  deuda y que se revise  atención a familiares y seguro campesino,neutro
151,lastimosamente tengo  que a pesar de poseer todos  equipos requeridos a mi esposo no pudieron detectarle una apendicitis y le dieron  alta medica mandandole a tomar solo suero oral a penas salio del hospital  dolor,neutro
152,en emergencias mamá duro 3 días sabían q mi madre tenía cáncer desde que llegó y en  vez de derivar  a un hospital con oncólogo me dieron entrada aquí si un oncólogo lee esto y es del seguro sepan que diagnosticar cáncer con lugar y biopsia,neutro
155,no tienen insumos médicos no hay camillas ni ambulancias le sacaron en brazos a mi abuelita de emergencias por años pago  seguro para que ahora brinden una atención mediocre,neutro
156, hospital estatal más grande del país con infraestructura y profesionales de primer nivel atiende a todos  afiliados del sistema público de seguro social,neutro
164,si te atienden pero lo que hay en existencia te dan y lo que no tienen  de tu bolsillo que más toca gobernados por un bachiller,neutro
165,dice ser de  mejores hospitales por su infraestructura y atienden  emergencias en una carpa en  parqueadero que clase de atención es esa y en lluvias hasta  luz se va,neutro
167,nose para que publican un pto numero de telefono si  van a tener apagados,neutro
168,a nombre de mi hijo mateo santamaría quién fue operado de apendicitis en éste hospital debo agradecer por  profesionalismo y  buen trato de que fue objeto en  días que permaneció en ese lugar,neutro
170,buen trato al paciente  y a  familiares mi hermana estuvo bien atendida   creo que debería mejorar  flujo de información sobre  condiciones de  pacientes,neutro
173,gracias  al trabajo tesonero de rafel correa  ecuador tiene lindos hospitales escuelas del miliños centros médicos  pero ahora con lasso no hay medicinas,neutro
178,una hora disque cambio de turno y no asoma nadie éramos cuatro para atendernos y ya somos casi 30 ni un responsable ni una palabra,neutro
179,buena atención cuando se está agendado para agendar si es un problema porque todo está copado por  demanda que hay de atención,neutro
181,moderno hospital  en  sur de quito que ayuda a descongestionar  atención clinica de  afiliados del iess lo negativo es que falta personal de enfermeria y medicos especialistas pero  infraestructura es de primera,neutro
188,es un verdadero hospital de varias especialidades médicas y atienden muy bien,neutro
191,ten8a cita sacada hace 45 días y c7ando llegue me informaron que reagendaron  citas y  mía fue hace 20 días nunca fui informado  instalaciones son de primera,neutro
192, servicio y trato al pacientejuegan con  dinero y sobre todo  vidavida  puede ser posible que una paciente entre por emergencia grave y no den una razón  se encuentra ya 5 horas,neutro
194, verdad es que siempre  de parte de  y  señores de enfermería y auxiliares aunque hay suficiente personal,neutro
196,pesima atención x  medicos de oftalmologia uno se va x emergencia y te atienden cuando a ellos les da  gana,neutro
197,muy buena atención en  ámbito clínico pos operatorio y covid tanto de enfermeras y doctores,neutro
199,hospital muy acogedor con una buena infraestructura,neutro
200,no hay donde parquear  autos por  momento no activan  uso de  parqueaderos ni para emergencias,neutro
201,no tuve problema ya tengo  cita médica para  miércoles 27,neutro
204,estoy   aquí desde   11 de  noche  son  1 y 10 del madrugada  y no me atiende  nadie  no se para que pago  si no te atiende  nadie,neutro
205,es uno de  mejores hospitales públicos de  capital sin embargo seria ideal que se agregan nuevas especialidades,neutro
207,bastante moderno pero hay algunos servicios que no se  endoscopias,neutro
208,por favor pongan  nombre de  calles y avenidas es tan dificil poner esa información,neutro
210,cuál es  motivo de no atender una emergencia oportunamente,neutro
212,gracias por  oportuna atención a mi padre durante  emergencia sanitaria por covid19,neutro
216,por favor ayúdenos con un  de teléfono por cuanto  que tenemos no contestan  023982700 iess esmeraldas   con,neutro
217,fatal  3 drs para emergencia  más de 2 horas con un dedo roto y ni una pastilla para  dolor,neutro
218,desagradable ese hospital solo ven  beneficios y no les importa  vida,neutro
223,atención rápida  vigilantes son  únicos groseros,neutro
224,ponen un numero telefónico 023982700 y ni contestan deberían de tener algún numero donde uno pueda pedir información,neutro
225,contestén  teléfono  para q tienen no pueden dar resultados rapidos,neutro
227,es una belleza  lugar y  atención un poquito de paciencia y listo,neutro
232,esperemos que siga así con una buena atención al publicó siempre,neutro
253,a pesar de que  mismos problemas ocurren una y otra vez nunca parece haber mejoras cada vez que  laboratorio deja de funcionar es una auténtica pesadilla  quioscos de facturación están amontonados hoy uno está fuera de servicio,neutro
255,me parece que  número convencional para información de este hospital  san francisco es lamentablemente ridículo ya que no contestan solo funciona  grabación y  momento que se va a poner  número de extensión vuelve otra vez ,neutro
257,pésima nefasta atención nos hicieron regresar a  casa en tres ocasiones indicando que mi esposa aún no dilataba mi nena nació en  casa por negligencia de toda esta gente que no sabe hacer su trabajo y eso que no explico con detalles,neutro
262,pesima atención  desde  triaje pediátrico  enfermera de turno en  noche  muy antipática e impertinente  casi no le atienden a mi hijo con una fiebre alta segun ella era una  nada más mi hijo empeoró aparte  con una,neutro
263,que tristeza que personas que hicieron juramentos de velar y cuidar a  enfermos sean una  ser humano deberian hacer otra cosa es especial estos dres cesar castillo suquilanda y  dr proaño duran juan carlos estar en emergencia es lo peor que nos puede pasar  gente se muere en emergencia y no les importa,neutro
264,hoy fui atendida en  hospital san francisco exámenes de laboratorios  gracias muy buena atención  pese a que es  inmensamente grande  cantidad de pacientes  incluso  muchos jovenes y niños que no pagan nada y va en desmedro de esta,neutro
267,un hospital que no sirve para nada solo dejan a  pasientes tirados en una esquina con un suero por 6 horas y  guardias muy antipáticos ven que  personas se desmayan y solo voltean  mirada,neutro
268," peor experiencia de mi vida en una sala de urgencias mi novia tenía apendicitis y se demoraron 18 horas en darnos  diagnóstico
después de muchos exámenes a lo que nos dicen que no nos pueden atender ahí",neutro
269,pésima atención por  persona que entrega  turno para ser ingresado  pésima limpieza se ven en  pasillos  capas que ponen sucias incluso de sangre no se tiene personal de enfermería un paciente tiene que atenderse solo que,neutro
270, atención en este hospital es pesima les calificara con cero pero no se puede mi mamá  día de ayer ingreso por emergencias le faltaba  oxigeno ingresamos a  2 de  tarde y hasta  6pm nunca  atendieron se les reclama al,neutro
280,pesima atención pascientes con fracturas pueden estar más de 15 días sin atención que clase de administración tienen y se dicen profecionales de  salud asco es lo que dan,neutro
281, verdad me siento decepcionado hace una media hora me regresé del hospital san francisco en quito a casa sin atenderme fuimos a emergencias un dolor en  pecho en  brazo y mareos soy diabético e hipertenso no querían que mi,neutro
283,se demoran demasiado en atender una emergencia no dejan ingresar a  familiares muriendo de frío afuera regresé con mi esposo sin que lo atendieran porque no aguantaba más  dolor,neutro
286,hay una tipeja que toma  signos vitales que no atiende apropiadamente se le explica  situación y aún así  no urgente un asco de servicio esta gente debería de ser despedida pero creen que es gratis y no no es gratis  atención son unos pseudo profesionales de profesionales no tienen nada,neutro
287,muy deficiente  trato que se da a  familiares de  hospitalizados si bien es cierto que sólo pueden dejar ingresar un visitante por paciente me parece ilógico y hasta un atropello a  derechos humanos pues no hay  debido,neutro
288,"parece que están sin ganas de atender y creen que hacen  favor o  gran sacrificio de atender a  personas
en fin pésima atención",neutro
289,es un gran hospital   todo en  últimos 5 años de gobierno es  falta de personal de salud  deficiente administración  poco presupuesto para medicinas ausencia de control y gestión en  mantenimiento de  equipos e,neutro
290, atencion medica es buena pero deberia mejorar en algunos aspectos y en algunos  personal de guardiania e hidratacion,neutro
291,atención pésima estuve en emergencia con un pronóstico reservado y en un examen tan  sacar sangre me dejaron  aguja metida chorreando sangre todo por preocuparse por  tubo de muestra se imaginan eso cuando uno estaba con,neutro
293,necesito hablar por teléfono con alguien del hospital y nunca contestan,neutro
294,para  recurso de  que disponen y  sueldo que les pagan a  empleados en  hospital relativamente bien se han manejado he estado por varias emergencias de familiares y  atención es relativamente buena,neutro
295,si no fuera por su sala de emergencia que es muy lenta y depende de  atención de  médicos del hospital para que ellos atiendan a sus afiliados en su tempo que les queda seria muy buena su atención,neutro
297,dice que  ubicación de este sitio es en  calle junín es erróneo si esto queda por carcelen señores de google por favor eliminen está ubicación en calle junín  parece que alguien puso a propósito un duplicado de este sitio en,neutro
298,estuve en  casa abierta y me   hospital trata  desechos químicos y  desechos contaminantes  estaban exponiendo algunas  empresa con  que trabajan   mismas que informaban  cuáles son  medios y,neutro
301, atención en emergencias es deficiente  veces que entré he logrado  pasan  tiempo sobre todo  doctores especialistas y no atienden de manera oportuna aunque exista espacio y personal libre en derivaciones,neutro
304,pésima atención lleve a mi niña de 4 meses y mi niño 4 años con dolor y diarrea  no tenían fiebre no  atendieron después de 6 horas me dicen que no es emergencia porque no tienen fiebre que espere 24 horas me fui de hay sin atención,neutro
306,fue decepcionante ayer martes desde  1320 ingrese a mi hijo recién al triage 1630 y me quedé hasta  1900 porque  que solo hay un solo médico y muchos niños con tanta dolencia que no fueron atendidos mi hijo fue con,neutro
309,son inhumanos se tanto tiempo aportando mi madre para que le manden paracetamol y ni siquiera realizan una adecuada valoración de  pacientes ahora mi madre está internada en otra casa de salud particular ya que  dicho seguro social casi me deja morir,neutro
313, doctores jóvenes que ni saben  protocolos  señoritas de admisión que no saben lo que es una emergencia y creen que tienen más poder que  doctores más practicantes que médicosun relajo todos por todo lado y después  covid es porque se sale a  callevergüenza,neutro
315,pésima atención en información imagen lo peor de lo peor y urología no saben tratar a sus pacientes son groseros y groseras especialmente con adultos mayores,neutro
316,si pudiera calificar a este centro de salud hablando por pediatría  calificación de este sería de 0  demás areas serían de una a maximo dos estrellas  dispensarios del ministerio de salud pública son un lujo  mejor de todos,neutro
318,estamos en emergencia con mi familiar angela maria ruiz alcivar en este momento y esta que se muere del dolor porque parece que tiene apendicitis y estos del iess nada que nos atienden estamos en  san francisco y resulta que nos tienen a,neutro
319,es muy triste e indignante lo que voy a contar de este centro de salud mi madre fue ingresada por emergencia  madrugada del 8 de agosto sobre  dos de  mañana a lo cual ella llega con un fuerte dolor de estómago pero  personas,neutro
320,"indignante
son  11 de  noche y mi abuelita a punto de tener un infarto nos ingresan a una sala para hacerle un electrocardiograma llega un medico y por preguntar si",neutro
321, ascensores no sirven y se necesitan para traslado de pacientes que no pueden subir gradas por reciente cirugía,neutro
322, atención es buena dentro de lo q cabe  médicos hacen su mejor esfuerzo pero  gente cree q siempre tiene prioridad,neutro
323,por emergencia desde  11am y siendo  1520 aún no somos atendidos hospital de  muerte,neutro
324,ayer esta un paciente muy grave y no le dan ingreso al hospital esta con peritonitis es un joven con ganas de vivir pero  hospital lo tiene afuera por más que le dieron  tralado pido un poquito de solidaridad que lo ingresen a una cama hospital san fransisco de quito,neutro
328,me envian al batan o cotocollao sabiendo q estan cerradas  vias por carrera de bicicletas,neutro
329,ubicacion erronea en  mapa aparece en calle junin    hospital san francisco del iess es en  av jaime roldos sector carcelen,neutro
331,nadie contesta  telefonos del hospital  es increible  falta de entrega del personal  necesito informacion urgente ya voy una hora de llamada y nadie contesta,neutro
333,buenas noches por favor de ibarra viaja una paciente de urgencia es afiliada al iess si esta  hospital en condiciones de recibirla,neutro
336, atención médica es aceptable si estas asegurado pero  atención es lenta y no te suelen atender rapido,neutro
339,toda  tarde gastando saldo para pedir una cita y nunca me contestaron lamentable,neutro
341,rapida atencion  en  mañanas antes de  horas  e inmediata respuesta,neutro
343, instalaciones son muy bonitas sin embargo  atención no es 5 estrellas,neutro
344,una de  mejores obras del iess  felicitaciones a  jefe,neutro
346, asco de atención telefónicacuelgan y dejan sin atención uno hay que prepararse con 10 de saldo mínimo para llamar a estos ineptos,neutro
349,un hospital   atención ha mejorado mucho en este 2018 en  exterior hace falta lugares de parqueo,neutro
351,"pésima atención y servicio deplorable
sin sistema y nada de información para  usuario",neutro
352, lugar es nuevo   siempre es  atención hay que llegar con un cuchillo clavado en  pecho para que te atiendanme refiero a emergencias,neutro
357,buenas tardes quisiera saber si estan cogiendo personal para limpieza y donde hay que dejar  carpeta gracias,neutro
359,pésima atención por parte de enfermería en cuidados,neutro
362,ola juan pablo si tu tienes ami mamá porfavor dime donde esta,neutro
363,desde  ingreso pésima imágen  guardias son unos altaneros,neutro
365,estoy desde  7am asta ahorira y no me atienden 1 pm,neutro
369,exigen que  acompañantes pasen  noche con  pacientes en una silla no es justo,neutro
371, amabilidad y  atención hacia  usuario muy agradecido,neutro
374,además de ser médicos son tambien amigos de  pacientes,neutro
379, hospitales del iess son  más modernos del país,neutro
380,lo mejor en atenciónel iess y sus nuevos hospitales,neutro
399,porque no les interesa  estado de  personas deben estar cansados de lidiar con lo mismo que se han vuelto insensibles,neutro
410,centro con varias especialidades lo mantienen limpio  guardias son un poco intransigentes debo acceder a veces con mi padre que tiene movilidad reducida y requiere de asistencia y no me dejan pasar,neutro
413,centro integral de especialidades muy buena atención  lugar muy limpio y ordenado,neutro
414,es limpio buena atención de  médicos solo que en  4to piso traumatología es pésima  atención en  triaje no menos precio  trabajo de personas venezolanaspero que pésima atención se dejan amontonar  gente así se pierde tiempo y  doctores piensan que uno es  que viene atrasado,neutro
415,están tomando todas  medidas del covid para  ingreso  sitio es amplio y limpio aún así no están asignando citas hasta que pase a verde  semáforo y me parece que por  dimensiones podrían habilitar al menos algunas consultas y especialidades para no limitar  servicio,neutro
422,me operaron  día viernes 14 de agosto por lo que mi hermana me está ayudando a gestionar  canje del certificado médico en  oficina del iess de  mariscal desde  lunes 17 primero no le atendieron porque estaba fuera de horario de,neutro
423,me siento muy inconforme ya que personalmente yo cogi una cita para  otorrino para mi hijo  cual me lo asignaron para  23 de enero y ahora que reviso en  me lo cambian al 15 de febrero  cual ni siquiera an tenido ,neutro
425,muy buena atención a  afiliados  ojalá no cambien  empleados de esta institucióngracias al gobierno que ha sabido hacer una buena inversión con  dinero de  asegurados,neutro
426,no dejan ingresar a dos personas para turnos de pediatría,neutro
428," auxiliares no tienen paciencia y les falta inducción
cuidado  de  bienes muebles",neutro
429,son unas basuras de personas en atención al usuario,neutro
432,dice que esta abierto  sábados y acabo de ir y no está abierto,neutro
440,por  disponibilidad de extensión  de trucos y  atención  de sus profesionales,neutro
448,abierto recientemente impresionante infraestructura médica,neutro
449,es  segunda vez que acudo hacerme exámenes de laboratorio después de conseguir una cita desde hace 3 meses para llegar hacer una fila enorme a  madrugada y que me den  agradable noticia de que solamente podían hacerme un exámen de 4,neutro
450,fuí a  1 de mañana con un dolor intenso y vomitando por  vesícula lo único que me dijeron fué no hay sistema vaya al hospital iess del sur   personal es negligente,neutro
451, recepcion a  pacientes es demasiado robotizada por favor señores guardias aprendan relaciones humanas y señores y señoras recepcionistas a un hospital no se viene por deporte sino por necesidad,neutro
456,se debe mejorar  servicio al menos en  área de validación de certificados es pésima  atención  cantidad de personal o  horario no abastece a  demanda solo se atienden 50 personas al día  colas para alcanzar un turno son,neutro
457,"uno se acerca con tiempo para que le tomen  signos vitales a 720 de  mañana ya que se tiene vita medica a  820
va uno con tiempo para que no se aglomere  turnos y no le atiendan más tarde",neutro
458, peor atención  guardias ni que decir y si vas a  emergencia un fin de semana solo te atienden estudiantes sin experiencia lamentablemente esto pagamos y es un servicio de pacotilla,neutro
459,hoy 201023 mi esposo se encuentra desde  4 de  tarde en este hospital si así se le puede llamar porque presenta inflamación en  ganglios linfaticospero para  enfermeras de este lugar eso no es una emergencia y por ende,neutro
462,es pésimamente  atención a  pacientes ni siquiera entienden  palabra de urgencia médica hay  son de tercera edad q deberían ser  propiedad de atención   niños pero ni ha eso señores,neutro
463,perifoneo constante de propaganda de ópticas por  sector,neutro
464,cuando llegue le atendieron a mi hija mejor que clínica privada salí muy satisfecha,neutro
468,emergencias me atendió de inmediato por  estado en que me encontraba no hubo tetanol salí de ahí y me tocó buscar en otros lugares consiguiendo únicamente en novaclinica quienes para administrar  medicamento me hicieron regresar al,neutro
469,pésima atención se demoran en hacer pasar  turnos sí  usuarios que ya se encuentran ahí para  respectivo turno deberían hacerlos pasar si  que llegó atrasado que pena que aprenda a ser puntual al turno asignado y por impuntual no va perjudicar a  que si llegan puntuales,neutro
472,si pudiera poner 0 estrellas lo hiciera 5 horas en emergencia y nunca fue atentido mi hermano no es gratis es pagado  peor atención que verguenza de servicio,neutro
473,hospital del día sangolqui posee grandes y cómodas instalaciones adecuadas para  pacientes que acuden porservicios médicos a sus instalaciones constituye uno de  hospitales que conforman  red de servicios médicos delieess ,neutro
475,es una pésima atención han pasado más de una hora supuesta mente atendiendo un paciente y resulta q era familia del doctor se supone q emergencias se   su nombre lo dice por emergencia me parece una falta de respeto de parte del drmoncayo de medicina general 1,neutro
478,con  presidente lasso todo empeoró que pena porque ella sistema de salud en ecuador era un referente hace 10 años,neutro
482,siempre hay que hacer filas larguísimas para sacar turnos y hay que hay que ir en días diferentes para sacarlas,neutro
486,imposible una cita medicina general  autoridades están ausentes no hay información  call center demuestra  ineptitud de  atención no se pude conseguir cita para cuándo,neutro
488,hola necesito ayuda por favor esq a mi hijo tienen q operarle de  testículos  tiene 2 años y medio pero no sé si le operen ahí mismo o le manden al vaca ortiz alguien me puede ayudar,neutro
490,podrían mejorar  atención a   tener más interés en  salud,neutro
491,  todo hospital público para exámenes médicos se  ir a  500 am mucha gente,neutro
494,es  lugar donde tu familiar  por negligencia médica puede morir,neutro
495,buena atención dios bendiga a  prestadores de salud,neutro
496,atención rápida y todo parece  se ve limpio y seguro,neutro
501,buena atención cuidan  procedimientos anti covid,neutro
532, día de hoy mi hija tenía cita cita médica pero  pediatra no quiso atenderle ahí nadie hacia nada más que conversar y estar en  celular hasta  dra déspota prefirió no atender a mi hija que le dije que está enferma con fiebre y,neutro
537,no hay turnos por  no hay medicinas no atienden en  laboratorio para  agendamiento de citas en  tarde no hay reactivos para exámenes de laboratorio por ende no dan cita para exámenes de laboratorio dan citas para exámenes de imagen después de 4 meses todo un desastre con este gobierno,neutro
538,se puede mejorar  atención a  pacientes en  áreas en dónde se toma de turnos para  exámenes y también en farmacia,neutro
539,"no sé para que se asigna citas si  médicos no atienden a tiempo se llega con tiempo respetando lo que indican pero no atienden
 enfermeras no dan información y se pasan conversando en lugar de ayudar
este servicio no es gratuito mensualmente pagamos por  se debe mejorar",neutro
